pwm,duty_percent,average_rpm,min_rpm,max_rpm
20,7.8,195.8,146,263
21,8.2,181.2,146,205
22,8.6,184.1,146,205
23,9.0,175.1,146,205
24,9.4,189.9,175,234
25,9.8,183.9,175,234
27,10.6,189.9,175,234
30,11.8,234.1,204,293
35,13.7,298.4,263,322
40,15.7,336.6,322,351
50,19.6,448.0,410,498
60,23.5,612.1,557,674
75,29.4,714.6,673,762
100,39.2,1022.5,937,1143
125,49.0,1210.0,1142,1289
150,58.8,1412.3,1348,1583
175,68.6,1737.2,1611,1816
200,78.4,1893.0,1816,2052
225,88.2,2051.1,1962,2228
255,100.0,2320.9,2255,2434
